slug,name,image,description,play_url,link
moto-x3m-3-pool-party,MOTO X3M  3 POOL PARTY,https://unblocked-games-g-plus.poki2.online/assets/upload/busqueda/jpg/moto-x3m-3-pool-party.jpg,"Main Controls For Playing:  WASD OR ARROWS for driving.
Brief Description About The Game:  Get ready to dive into the thrilling world of Moto X3M 5 Pool Party, a heart-pounding motorbike racing game that brings the spirit of summer to your screen! Created by the brilliant minds at Madpuffers in March 2019, this is the fifth installment in the wildly popular Moto X3M series. So, rev up your engines and let the pool party begin!   As you start your engines, you’ll find yourself faced with 22 brand-new, adrenaline-pumping levels. The sun is shining, the pools are sparkling, and the beaches are calling – it’s the ultimate summer adventure on two wheels! Get ready to race your motorbike through pools and beaches, encountering exciting challenges and discovering obstacles that will put your skills to the test.   The vibrant graphics and lively atmosphere make Moto X3M 5 Pool Party a visual treat. Each level is designed with creativity and fun in mind, making it a perfect playground for young daredevils. Feel the rush as you navigate through twists and turns, performing jaw-dropping stunts to earn those extra points.   But the excitement doesn’t stop there! Thanks to the innovative minds at BUSQUEDA.me, you can experience the thrill of Moto X3M 5 Pool Party in fast-paced action for free. Simply head to BUSQUEDA.me, start the game, and let the speed take over. It’s a chance to test your reflexes and see if you have what it takes to conquer the summer-themed challenges at breakneck speed.   Whether you’re a seasoned Moto X3M enthusiast or a newcomer to the series, this game guarantees hours of non-stop fun. The intuitive controls and engaging gameplay make it accessible to players of all ages. So, what are you waiting for? Grab your virtual helmet, kickstart your motorbike, and join the Pool Party craze!   Moto X3M 5 Pool Party is not just a game; it’s a summer adventure waiting to unfold. Get ready to experience the thrill, conquer the challenges, and become the ultimate motorbike master in this sun-soaked racing extravaganza!",https://unblocked-games-g-plus.poki2.online/play/moto-x3m-3-pool-party.html,https://sites.google.com/view/unblocked-games-g-site/moto-x3m-3-pool-party
moto-x3m-6-spooky-land,MOTO X3M 6 SPOOKY LAND,https://unblocked-games-g-plus.poki2.online/assets/upload/busqueda/jpg/moto-x3m-6-spooky-land.jpg,"Main Controls For Playing:  WASD AND ARROWS FOR PLAYING.
Brief Description About The Game:  Welcome to the thrilling world of Moto X3M 6 Spooky Land! Are you ready to start an epic Halloween adventure on your trusty stunt motorbike? Brace yourself for the spookiest ride of your life as you enter the mysterious realm of ghouls, ghosts, and pumpkins.   Get ready to kick-start your engines and zoom into the spine-chilling landscapes of Moto X3M Spooky Land. The sixth installment in the Moto X3M series takes you on a wild ride through Halloween-themed levels that will send shivers down your spine. Hop on your motorbike, it’s time to face the eerie challenges that await you.   Navigate through the haunted realms, where every turn brings a new thrill and every jump is a leap into the unknown. The Halloween atmosphere surrounds you as you dodge creepy obstacles and perform jaw-dropping stunts to stay ahead. Watch out for hazards and obstacles – they’re not just there for decoration; they’re out to get you!   Moto X3M is not just another motorcycle game; it’s the ultimate test of your skills and courage. Can you conquer the spine-tingling levels and emerge victorious? The Halloween theme adds an extra layer of excitement, making every twist and turn more electrifying than ever.   But fear not, young adventurer! You’re not alone on this hair-raising journey. Your trusty stunt motorbike is your companion through thick and thin, helping you defy gravity and conquer the spooky challenges that lie ahead.   Exciting news! You can experience the thrills of Moto X3M 6 Spooky Land for free in fast speed at BUSQUEDA.me. Immerse yourself in the heart-pounding action as you race against time and master the art of stunts. It’s not just a game; it’s a Halloween extravaganza that will keep you on the edge of your seat!   So, what are you waiting for? Put on your helmet, rev up your engine, and dive headfirst into the world of Moto X3M 6 Spooky Land. Face the unknown, conquer the spooky obstacles, and become the ultimate stunt master. The Halloween adventure of a lifetime awaits!",https://unblocked-games-g-plus.poki2.online/play/moto-x3m-6-spooky-land.html,https://sites.google.com/view/unblocked-games-g-site/moto-x3m-6-spooky-land
moto-x3m-two,MOTO X3M TWO,https://unblocked-games-g-plus.poki2.online/assets/upload/busqueda/jpg/moto-x3m-two.jpg,"Main Controls For Playing:  WASD FOR PLAYING.
Brief Description About The Game:  Welcome to the thrilling world of Moto X3M Two! Get ready to start an adrenaline-packed journey filled with high-speed bike racing and mind-bending obstacles. Are you ready to hop on your motorbike and blaze through levels that will test your skills to the max?   As you enter the game, strap on your helmet and grip the handlebars tight because you’re about to experience the excitement of online bike racing like never before. Your mission, should you choose to accept it, is to navigate your motorbike through a series of challenging levels, each packed with massive, moving obstacles that’ll keep you on the edge of your seat.   Feel the wind rushing through your virtual hair as you speed up using the W or Up Arrow key. But remember, it’s not all about speed; precision is the key to success in Moto X3M Two. Utilize the S or Down Arrow key to brake when you need to slow down, and master the art of positioning your motorbike with the A and D or Left Arrow and Right Arrow keys. These keys are your ticket to performing awe-inspiring front flips and back flips that will not only dazzle your friends but also earn you that perfect score.   Keep an eye out for the perfect moments to unleash your flips. Timing is crucial, and every flip in the air can shave precious seconds off your final time. Can you complete the levels in record time and emerge as the ultimate bike racing champion?   But here’s the best part - you can experience all the heart-pounding action for free at BUSQUEDA.me! Immerse yourself in the fast-paced world of Moto X3M Two, challenge your friends to beat your scores, and become a true bike racing legend. So, what are you waiting for? Hit the virtual road, master the flips, and show the world your bike racing prowess. The track is calling, and victory awaits!",https://unblocked-games-g-plus.poki2.online/play/moto-x3m-two.html,https://sites.google.com/view/unblocked-games-g-site/moto-x3m-two
moto-x3m4-winter,MOTO X3M 4 WINTER,https://unblocked-games-g-plus.poki2.online/assets/upload/busqueda/jpg/moto-x3m4-winter.jpg,"Main Controls For Playing:  WASD or ARROW keys for driving.
Brief Description About The Game:  Gear up for an adrenaline-fueled journey through frosty landscapes in Moto X3M 4: Winter! Get ready to rev your motorbike engine and dive headfirst into a winter wonderland filled with exciting challenges and festive surprises.   As you start your icy adventure, brace yourself for an exhilarating ride across snow-covered mountains. Feel the chill in the air as you navigate through bridges crafted from candy canes and other delectable treats. Picture yourself zooming past whimsical snowmen and towering Christmas trees, with Rudolph the Red-Nosed Reindeer and Santa Claus cheering you on!   Moto X3M 4: Winter is the fourth installment in the beloved Moto X3M series, renowned for its heart-pounding motorbike escapades. In this edition, your mission is to conquer each level by showcasing your daredevil skills. Collect stars along the way to unlock thrilling upgrades for your bike, bringing you one step closer to the ultimate reward – Santa’s Sled!   The game is not just about speed; it’s about skill, strategy, and a touch of holiday magic. Maneuver through challenging obstacles, make gravity-defying jumps, and execute jaw-dropping stunts that will leave everyone in awe. With each level presenting new twists and turns, Moto X3M 4: Winter guarantees an ever-evolving adventure that will keep you hooked.   What’s even more exciting is that you can experience the thrill of Moto X3M 4: Winter for free and in fast speed at BUSQUEDA.me! Embark on this incredible journey without spending a dime, and challenge your friends to see who can master the frosty tracks and claim the title of the ultimate winter motorbike champion.   So, buckle up, little riders, and get ready to conquer the icy challenges that await you in Moto X3M 4: Winter. It’s not just a game; it’s a frosty expedition filled with laughter, excitement, and a dash of holiday cheer. Are you ready to take on the snowy slopes and emerge victorious in this winter wonderland? The adventure begins now!",https://unblocked-games-g-plus.poki2.online/play/moto-x3m4-winter.html,https://sites.google.com/view/unblocked-games-g-site/moto-x3m4-winter
scrap-metal-infernal,SCRAP METAL INFERNAL,https://unblocked-games-g-plus.poki2.online/assets/upload/busqueda/jpg/scrap-metal-infernal.jpg,"Main Controls For Playing:  ARROW KEYS, SPACE: brake, SHIFT: grip, I: inventory
Brief Description About The Game:  Welcome to the adrenaline-packed world of “SCRAP METAL INFERNAL: The Ultimate Car Showdown!” Get ready to start your engines and dive headfirst into the heart-pounding action of car destruction! This is not your average race; it’s an infernal trap where four unique machines find themselves caught in a hellish spectacle.   Picture this: towering mountains surround a vast plain, forming the backdrop for the ultimate test of your driving skills. Meet the stars of the show – the Subaru Impreza, the Jeep Monster with colossal wheels, the rugged Lada Niva, and the mighty Jeep Cherokee. Each car brings its own set of strengths and weaknesses, creating a thrilling mix of choices for every daredevil out there.   No boring tasks or goals here – this is all about the pure joy of racing and pushing these mean machines to their limits. Feel the rush as you navigate through roads and conquer treacherous mountains. It’s a wild ride where the only rule is to leave nothing but chaos in your wake!   But here’s the twist – you can experience all the excitement for free and at lightning speed on BUSQUEDA.me! That’s right, get ready to rev up your engines and unleash the chaos without spending a dime. Feel the wind in your hair, hear the roar of the engines, and experience the thrill of SCRAP METAL INFERNAL like never before.   Unlock the true potential of each car as you zoom through the plains and conquer the challenging terrains. Whether you choose the sleek Subaru Impreza or the beastly Jeep Monster, the choice is yours, and the possibilities are endless. Burn rubber, perform stunts, and leave your opponents in the dust as you race towards victory.   So, what are you waiting for? Join the SCRAP METAL INFERNAL car showdown and show the world who the true master of destruction on wheels is. Remember, it’s not just a race – it’s a spectacular display of chaos and mayhem! Play for free, play in fast speed, and let the infernal fun begin!",https://unblocked-games-g-plus.poki2.online/play/scrap-metal-infernal.html,https://sites.google.com/view/unblocked-games-g-site/scrap-metal-infernal
slope-two-players-multiplayer,SLOPE TWO PLAYERS MULTIPLAYER,https://unblocked-games-g-plus.poki2.online/assets/upload/busqueda/jpg/slope-two-players-multiplayer.jpg,"Main Controls For Playing:  AD AND ARROWS for playing
Brief Description About The Game:  Get ready for a rollercoaster of excitement with Slope Two Players! This turbo-charged online racing game is like nothing you’ve ever experienced before. It’s the sequel to the well-loved “Slope” series, but this time, it’s not just you against the clock – it’s you against a friend!   Imagine hurtling down futuristic tracks at breakneck speeds, trying to outmaneuver your opponent and claim victory. Slope Two Players takes the thrill of racing to a whole new level with its fast-paced multiplayer action. You and your friend will be challenged to navigate tricky twists, turns, and loops while maintaining top speed to outpace each other.   The game features sleek graphics and cool visuals that will transport you to a world of high-speed racing excitement. The tracks are designed to test your reflexes and strategic thinking as you strive to outsmart your friend and cross the finish line first. It’s not just about speed – it’s about skill, precision, and a dash of friendly competition.   And here’s the best part – you can experience all the adrenaline-pumping action for free! Head over to BUSQUEDA.me, where you can play Slope Two Players at lightning speed without spending a dime. It’s the perfect way to challenge your friends to a thrilling race without breaking the bank.   So, what are you waiting for? Grab your virtual racing gear, invite a friend, and dive into the heart-pounding world of Slope Two Players. Zoom through futuristic landscapes, conquer challenging obstacles, and revel in the joy of victory. Whether you’re a seasoned gamer or a beginner, this game promises endless fun and excitement for players of all ages.   Join the Slope Two Players community and experience the joy of racing like never before. Challenge your friends, set new records, and become the ultimate Slope champion. It’s time to rev up your engines, hit the virtual tracks, and show the world that you’ve got what it takes to be a Slope Two Players superstar!",https://unblocked-games-g-plus.poki2.online/play/slope-two-players-multiplayer.html,https://sites.google.com/view/unblocked-games-g-site/slope-two-players-multiplayer
smash-karts,SMASH KARTS,https://unblocked-games-g-plus.poki2.online/assets/upload/busqueda/jpg/smash-karts.jpg,Main Controls For Playing:  Move - WASD or Arrow keys,https://unblocked-games-g-plus.poki2.online/play/smash-karts.html,https://sites.google.com/view/unblocked-games-g-site/smash-karts
ultimate-offroad-simulator,ULTIMATE OFFROAD SIMULATOR,https://unblocked-games-g-plus.poki2.online/assets/upload/busqueda/jpg/ultimate-offroad-simulator.jpg,"Main Controls For Playing:  WASD OR ARROW KEYS FOR PLAYING
Brief Description About The Game:  Are you ready to kickstart your engines and dive into the wild world of ATV Ultimate Offroad? Buckle up, little adventurers, because this is not your average racing game – it’s a thrilling off-road extravaganza that will take you on a ride of a lifetime! Get ready to hit the trails, conquer challenging terrains, and blaze your own trail through the vast and exciting world of off-road excitement.   Picture this: You’re at the starting line, revving your engine with anticipation. The moment you press play on your device, you don’t just start the game – you catapult yourself into the heart of the action! As you enter the ATV Ultimate Offroad universe, get ready to be transported into a world where mud-spattered trails, rocky slopes, and untamed wilderness await your fearless exploration.   Feel the rush as you navigate your ATV through various game modes, from heart-pounding races against other players to the freedom of a free-drive mode where you set your own rules. Want to challenge a friend? No problem! With the 2-player mode, you can go head-to-head in an adrenaline-fueled race to the finish line.   But it’s not just about speed – it’s about unlocking the coolest ATVs in the game. Collect in-game currency and gears by conquering races and exploring the open world. Customize your ride, upgrade your ATV, and show off your unique style as you become the ultimate off-road champion.   Guess what, young thrill-seekers? You can embark on this action-packed journey for free at BUSQUEDA.me! That’s right – experience the excitement in fast speed without spending a single coin. Get ready to race, explore, and conquer the off-road world like never before.   Developed by the masterminds at RHM Interactive, ATV Ultimate Offroad takes off-road gaming to new heights. The game was unleashed upon the world in September 2023, and since then, it’s been captivating the hearts of off-road enthusiasts of all ages.   So, what are you waiting for? Start your engines, dive into the mud, and conquer the off-road challenges that await you in ATV Ultimate Offroad. The thrill is calling – will you answer?",https://unblocked-games-g-plus.poki2.online/play/ultimate-offroad-simulator.html,https://sites.google.com/view/unblocked-games-g-site/ultimate-offroad-simulator
